simulation_number,seed,episode,total_steps,resource_remaining,initial_resources,max_steps,total_personal_reward_0,total_personal_reward_1,total_personal_reward_2,total_personal_reward_3,total_personal_reward_4,total_personal_reward_5,total_empathic_reward_0,total_empathic_reward_1,total_empathic_reward_2,total_empathic_reward_3,total_empathic_reward_4,total_empathic_reward_5,total_combined_reward_0,total_combined_reward_1,total_combined_reward_2,total_combined_reward_3,total_combined_reward_4,total_combined_reward_5
7,7,0,1000,1.0,500,1000,77.99999999999949,103.99999999999945,77.99999999999955,77.99999999999959,83.99999999999939,76.99999999999967,-831.599999999999,-842.0000000000002,-831.6000000000003,-831.5999999999999,-834.0000000000002,-831.2000000000002,-376.8000000000004,-369.0000000000001,-376.8000000000001,-376.80000000000007,-375.0000000000001,-377.1000000000002
7,7,1,1000,2.0,500,1000,80.9999999999995,81.99999999999946,88.99999999999963,80.99999999999943,75.99999999999957,88.9999999999995,-833.2000000000016,-833.6000000000015,-836.4000000000003,-833.2000000000004,-831.2000000000014,-836.4000000000019,-376.1000000000003,-375.8000000000002,-373.7000000000004,-376.1000000000002,-377.6000000000003,-373.70000000000016
7,7,2,1000,0.0,500,1000,82.99999999999952,78.99999999999939,93.89999999999935,72.9999999999998,88.99999999999939,81.99999999999936,-833.2800000000012,-831.6800000000007,-837.6000000000009,-829.2800000000013,-835.6800000000012,-832.8800000000009,-375.1400000000003,-376.34000000000043,-371.8500000000002,-378.1400000000003,-373.3400000000003,-375.4400000000003
