simulation_number,seed,episode,total_steps,resource_remaining,initial_resources,max_steps,total_personal_reward_0,total_personal_reward_1,total_personal_reward_2,total_personal_reward_3,total_personal_reward_4,total_personal_reward_5,total_empathic_reward_0,total_empathic_reward_1,total_empathic_reward_2,total_empathic_reward_3,total_empathic_reward_4,total_empathic_reward_5,total_combined_reward_0,total_combined_reward_1,total_combined_reward_2,total_combined_reward_3,total_combined_reward_4,total_combined_reward_5
0,0,0,1000,2.0,500,1000,93.99999999999928,86.9999999999993,78.99999999999945,77.99999999999953,86.99999999999929,72.99999999999952,-838.3999999999994,-835.6000000000001,-832.4000000000019,-832.0000000000014,-835.600000000001,-830.0,-372.19999999999976,-374.2999999999999,-376.6999999999998,-376.99999999999966,-374.29999999999967,-378.4999999999997
0,0,1,1000,0.0,500,1000,83.99999999999943,85.99999999999942,83.9999999999994,86.9999999999996,89.99999999999943,68.99999999999972,-833.6000000000008,-834.4000000000005,-833.600000000001,-834.8000000000014,-836.0000000000006,-827.6,-374.79999999999933,-374.1999999999993,-374.7999999999994,-373.8999999999993,-372.99999999999943,-379.2999999999994
